0.002114,-0.110437,0.172804,-0.012529,0.008729,0.045214,999999,0.053959,-0.076474,-0.063038,999999,0.008386,999999,999999,999999,0.021112,0.11506,999999,0.013323,-0.068306,-0.299779,-0.166994,-0.101464,-0.001218,0.001727,-0.112444,-0.054744,0.195362
-0.090706,-0.003311,-0.00978,-0.011416,0.092025,0.027973,999999,0.032535,-0.008131,-0.055235,999999,-0.017299,999999,999999,999999,0.013854,0.112697,999999,0.014965,-0.070999,-0.188732,-0.033103,-0.081402,-0.002848,0.039521,-0.037405,-0.101879,0.245019
-0.078585,-0.064835,0.036109,0.033328,-0.006322,0.009488,999999,0.057902,0.05416,-0.062289,999999,0.138564,999999,999999,999999,-0.171218,0.106859,999999,0.107287,-0.043766,-0.30012,-0.096035,-0.106361,-0.042867,0.037128,-0.066471,0.003711,0.021045
0.072615,0.099928,0.231149,0.044696,0.027733,0.056314,999999,0.228027,0.033623,-0.023278,999999,0.091144,999999,999999,999999,-0.058418,0.103302,999999,0.090629,0.16709,-0.220905,-0.010429,0.000413,-0.044779,0.04776,-0.030134,-0.12001,-0.103205
-0.003806,0.269134,0.19368,0.165835,-0.127584,0.000369,999999,-0.066445,0.042433,-0.050079,999999,0.029132,999999,999999,999999,-0.059502,0.094747,999999,0.084313,0.157965,-0.185391,-0.046119,-0.057363,-0.03057,0.068815,-0.063654,-0.123003,-0.002243
-0.007086,0.146517,0.114233,0.091186,-0.012751,-0.101881,999999,0.023869,0.061383,-0.061767,999999,0.052409,999999,999999,999999,-0.165052,0.161502,999999,0.024711,0.03887,-0.160672,-0.168498,-0.069597,-0.128289,0.029375,-0.031908,-0.070375,0.10285
-0.048622,0.306266,-0.045239,-0.068639,0.041425,-0.126586,999999,0.139573,0.015327,-0.098609,999999,0.025349,999999,999999,999999,-0.164789,0.001377,999999,-0.132438,-0.083758,-0.367113,-0.159462,-0.064831,-0.13542,-0.164242,-0.135289,-0.162181,-0.031467
-0.325677,-0.023561,0.045541,-0.1039,0.00933,-0.06057,999999,0.022408,-0.138304,-0.149998,999999,0.082548,999999,999999,999999,-0.366336,-0.191978,999999,-0.142261,-0.151187,-0.3206,-0.2408,-0.135245,-0.088951,-0.319062,-0.076961,0.004258,-0.028288
-0.164963,-0.026431,0.16405,-0.094496,-0.063221,-0.045867,999999,0.054231,-0.107444,-0.226225,999999,0.084474,999999,999999,999999,-0.285182,-0.084607,999999,-0.068586,-0.050597,-0.371973,-0.185273,-0.127584,-0.088175,-0.175211,0.050265,0.051064,0.096987
-0.02554,0.226801,0.245697,-0.104644,-0.051948,-0.015117,999999,0.085372,-0.066459,-0.152235,999999,0.090668,999999,999999,999999,-0.148014,0.055908,999999,-0.068179,-0.094931,-0.313585,-0.141023,-0.176844,-0.09444,-0.110579,0.011143,-0.031947,0.233625
0.111616,0.200936,0.211465,-0.026459,-0.040338,-0.083215,999999,0.134195,-0.013448,-0.073659,999999,0.052311,-0.355633,999999,999999,-0.164622,0.089148,-0.016279,-0.045402,-0.018641,-0.270316,-0.17447,-0.153021,-0.109967,-0.104664,0.003744,-0.143789,0.075319
0.02482,0.143499,-0.090897,0.019975,-0.029598,-0.110567,999999,0.168865,0.001306,-0.05544,999999,0.124245,-0.396392,-0.070255,-0.121118,-0.058181,0.090388,0.012337,-0.042714,0.143033,-0.351525,-0.194815,-0.097238,-0.056086,-0.223309,0.00403,-0.018897,0.020052
0.106813,0.226504,-0.005109,-0.017174,-0.027901,-0.017388,999999,0.073046,-0.077148,-0.047582,999999,0.094125,-0.387406,-0.114457,-0.016599,-0.107906,0.081029,0.01937,0.035494,-0.000162,-0.224351,-0.188362,-0.036676,-0.113797,-0.055143,0.060548,0.01118,0.080018
-0.151572,0.243799,0.166322,-0.088699,0.005508,0.14433,999999,0.04562,-0.069311,-0.037036,999999,0.107733,-0.606223,-0.086062,-0.005089,-0.139369,0.077388,-0.04443,0.075051,-0.023215,-0.338797,-0.117598,0.019326,-0.046904,-0.087895,0.025969,-0.080851,0.048208
0.030388,0.350032,0.393897,-0.121658,-0.020398,0.03853,999999,0.057534,-0.067028,0.015856,999999,0.009099,-0.464284,-0.242888,-0.111771,-0.051217,0.083007,-0.026202,0.10323,-0.062864,-0.443275,-0.216584,-0.042734,-0.112131,0.02354,0.025316,0.164755,-0.036098
0.018629,0.167853,0.097792,-0.121761,-0.026723,-0.025427,999999,0.262123,-0.009382,-0.021509,999999,0.026665,-0.347926,-0.329004,-0.039317,-0.099464,0.128866,-0.135498,0.133068,0.060005,-0.245568,-0.330083,-0.122166,-0.049453,0.166617,-0.004982,0.199074,-0.043683
-0.044449,0.221559,0.010507,-0.083494,-0.028696,0.056992,999999,0.177263,0.039288,-0.050234,999999,0.19945,-0.555718,-0.140498,0.119196,-0.122111,0.142776,-0.192535,0.116213,0.141936,-0.310039,-0.092745,-0.097099,-0.063755,0.191617,-0.03014,0.059152,-0.062972
0.086357,0.342726,0.096693,-0.01091,0.004977,0.024827,999999,0.055494,0.055207,-0.063237,999999,0.066233,-0.483767,0.011012,0.085277,-0.100888,0.218354,-0.145225,0.012775,0.046019,-0.22341,0.012132,-0.072026,0.084865,0.048648,-0.089943,0.008018,-0.034767
0.051739,0.325675,0.132632,-0.022768,0.063401,0.015416,999999,0.050277,0.063649,-0.028333,999999,-0.005213,-0.354159,-0.00823,-0.017619,-0.065698,0.008111,-0.152304,0.070313,0.167152,-0.191408,-0.027196,-0.012491,0.063918,-0.131205,-0.022108,0.124267,-0.001064
0.11823,0.37796,-0.028274,0.039283,0.069117,0.059513,999999,0.140201,0.047188,0.005584,999999,0.065017,-0.2802,-0.007251,0.120724,-0.011136,0.197587,-0.075485,0.163715,0.072154,0.034394,-0.24861,-0.058338,-0.0085,-0.228641,-0.047498,0.0545,0.107998
0.176703,0.359833,0.160261,0.087215,-0.062869,0.082407,999999,0.005634,0.020009,0.126422,999999,0.163509,-0.394659,-0.124096,0.158685,-0.056287,0.234433,-0.091575,0.125785,0.169442,-0.119215,-0.204156,-0.092599,0.007028,-0.019395,0.051468,-0.044932,0.085873
0.257249,0.42137,0.253993,-0.007388,0.006366,0.015802,999999,-0.005673,0.027134,0.003432,999999,-0.0808,-0.228079,-0.094141,0.109367,-0.079531,0.089597,-0.070492,0.113007,0.131237,-0.196436,-0.066464,-0.026698,-0.01304,-0.000657,0.045304,-0.038609,0.132315
0.190814,0.414085,0.110308,0.072799,0.04405,0.036135,999999,0.137211,0.107563,-0.011582,999999,0.058429,-0.324426,-0.079574,-0.090683,-0.088442,0.106082,0.004575,0.066057,0.101197,-0.175347,-0.174032,0.02474,-0.038111,-0.092908,0.0788,0.05629,0.108682
0.230976,0.452135,0.237453,-0.013392,0.104518,0.035856,999999,0.067466,0.141404,0.047999,999999,0.185495,-0.252193,0.023768,0.060402,-0.035711,0.204562,0.03313,0.133242,0.257277,-0.120194,-0.085647,0.021275,-0.024449,0.031508,0.011434,0.02056,-0.175602
0.232919,0.485548,0.381187,0.058886,0.066739,-0.013629,999999,0.175505,0.142205,0.071335,999999,0.129601,-0.231695,-0.069936,0.131795,0.013871,0.165076,0.030887,0.127063,0.131325,-0.097882,-0.092989,-0.050925,0.056032,0.121577,0.126301,-0.007864,-0.057912
0.27277,0.393047,0.479048,0.020358,0.086008,0.004292,999999,0.179777,0.129484,0.124275,999999,0.027677,-0.077823,-0.038852,0.131574,0.06485,0.105611,-0.010825,0.264889,0.081048,-0.157779,-0.160569,0.04136,0.150497,0.105533,0.091447,-0.132132,0.066212
0.218913,0.4441,0.345216,0.009883,0.108751,-0.036558,999999,0.065174,0.109131,0.094819,999999,0.030965,-0.146006,0.034297,-0.151911,-0.013787,0.071998,-0.051788,0.208892,0.098703,-0.212496,-0.264846,0.121451,0.058511,-0.11298,0.079309,0.135689,-0.041218
0.255114,0.466249,0.360062,0.071602,0.054323,-0.021649,999999,0.128846,0.143357,0.152674,999999,0.10155,-0.456452,0.161648,-0.103923,0.10265,0.134946,-0.01134,0.122685,0.134521,-0.270772,-0.147632,0.031309,0.025552,-0.099075,-0.123054,0.185857,0.053198
0.098656,0.479393,0.219265,0.062473,-0.049592,0.022465,999999,0.222637,0.148761,0.154704,999999,0.071142,-0.28079,0.006576,-0.232425,0.04705,0.031877,-0.000652,0.23726,0.200075,-0.286318,-0.025282,-0.014502,-0.032974,-0.113098,-0.020535,-0.053331,0.059778
0.261028,0.566712,0.083326,0.038346,0.012641,0.07235,999999,0.123862,0.069576,0.118405,999999,0.051228,-0.184689,0.105837,-0.06023,0.138407,0.050662,-0.07834,0.176795,0.124966,-0.023522,-0.111644,-0.12413,-0.104426,-0.111501,0.160621,-0.057817,-0.128859
0.315772,0.555657,0.157153,0.088299,0.08741,0.052997,999999,0.242481,0.087392,0.169508,999999,0.121454,-0.242598,0.092842,-0.032728,0.038389,0.06536,-0.142637,0.150908,0.204292,-0.262834,-0.083626,-0.052157,-0.094241,-0.030308,0.026192,0.034118,0.039408
0.293197,0.618153,0.218986,0.150764,0.124868,0.046888,999999,0.18324,0.17496,0.132834,999999,0.018679,-0.301582,0.044962,-0.109494,0.088241,0.071826,-0.08454,0.347005,0.238091,-0.309491,0.003831,0.01298,-0.015859,-0.043395,0.106736,0.022465,0.032624
0.298398,0.447155,0.279671,0.071312,0.111916,0.056077,999999,0.385135,0.127316,0.123403,999999,0.043549,-0.149536,0.285897,-0.035773,0.092415,0.086611,-0.078756,0.304012,0.125288,-0.271414,0.191792,-0.004133,-0.082782,-0.020042,0.166002,-0.124308,0.008304
0.204101,0.572946,0.117787,0.011703,-0.007455,0.023504,999999,0.028465,0.041177,0.13686,999999,0.077788,-0.179406,0.128128,-0.036332,0.164248,0.054787,-0.132365,0.111363,0.041343,-0.290932,-0.042155,-0.062299,-0.241319,-0.078474,-0.056208,0.003906,0.017627
-0.292385,0.208302,-0.201167,-0.100874,-0.516596,-0.283455,999999,-0.488109,-0.247981,-0.156136,999999,0.147118,-0.523296,-0.459751,-0.367723,-0.228658,-0.259004,-0.335662,-0.178014,-0.17745,-0.573059,-0.433799,-0.249696,-0.486366,-0.267219,-0.362071,-0.183299,-0.366346
-0.066992,0.008067,-0.219524,-0.23911,-0.272874,-0.236529,999999,-0.304818,-0.285098,-0.238848,999999,0.018758,-0.794658,-0.555517,-0.459977,-0.328176,-0.281419,-0.302297,-0.213201,-0.303489,-0.522991,-0.45559,-0.289342,-0.50769,-0.322484,-0.196714,-0.198951,-0.198533
-0.103342,0.204891,-0.194192,-0.371148,-0.200043,-0.155498,999999,-0.214092,-0.191306,-0.173011,999999,0.152502,-0.674319,-0.319602,-0.320938,-0.179829,-0.120818,-0.286453,-0.132954,-0.239399,-0.485608,-0.405576,-0.274795,-0.353056,-0.346963,-0.208384,-0.217201,-0.181975
0.036539,0.261938,0.063252,-0.276353,-0.208228,-0.191278,999999,0.049714,-0.160329,-0.102601,999999,0.062982,-0.69038,-0.358798,-0.437883,-0.207438,-0.082978,-0.32689,-0.097074,-0.097332,-0.251812,-0.320708,-0.266631,-0.336041,-0.309126,-0.200148,-0.186812,-0.088225
-0.041566,0.232383,0.090423,-0.215332,-0.070322,-0.092211,999999,0.160958,-0.110781,-0.065163,999999,0.071402,-0.46924,-0.405862,-0.295483,-0.138503,0.049336,-0.223333,-0.040536,-0.104345,-0.27798,-0.266072,-0.226211,-0.269555,-0.402096,-0.11267,-0.041002,-0.157031
-0.079518,0.464869,0.005107,-0.186283,-0.04711,-0.130806,999999,0.160621,-0.129455,-0.055255,999999,0.104939,-0.59505,-0.261816,-0.230629,-0.080132,0.012208,-0.233862,-0.083188,-0.090923,-0.253756,-0.190123,-0.181397,-0.254017,-0.394339,-0.02779,0.140056,-0.030332
0.059369,0.468164,-0.106797,-0.222062,-0.169254,-0.171489,999999,0.029685,-0.11884,-0.152796,999999,0.131361,-0.793643,-0.179905,-0.032092,-0.117046,-0.02274,-0.246169,-0.076286,-0.139925,-0.207303,-0.128134,-0.128234,-0.233936,-0.392418,-0.107188,-0.001441,-0.139775
-0.204309,0.13225,-0.417468,-0.167427,-0.211562,-0.205092,999999,-0.020304,-0.095431,-0.18646,999999,0.102526,-0.783753,-0.180852,-0.069407,-0.180306,-0.064481,-0.306893,-0.05835,-0.042212,-0.333914,-0.240283,-0.160004,-0.215047,-0.3946,-0.090252,0.076022,-0.153265
-0.078798,0.440452,-0.119603,-0.182686,-0.160732,-0.20613,999999,0.166595,-0.113362,-0.079844,999999,0.168649,-0.720327,-0.262168,-0.149256,-0.027333,-0.036746,-0.245113,-0.027486,-0.020449,-0.432034,-0.301193,-0.290504,-0.19437,-0.226216,-0.026561,0.096258,-0.129637
0.009654,0.407559,-0.014906,-0.099525,-0.117172,-0.254416,999999,0.358299,-0.04667,-0.031572,999999,0.151053,-0.5128,-0.155605,-0.149958,0.02993,0.111557,-0.266346,0.017909,0.095217,-0.330085,-0.179368,-0.230357,-0.114299,-0.097526,0.070106,-0.099592,-0.046929
0.119249,0.553198,0.07087,-0.121451,-0.016183,-0.168177,999999,0.187064,0.025183,0.081367,999999,0.147621,-0.609591,-0.086642,0.023707,0.053795,0.139057,-0.232758,0.036815,0.087535,-0.265634,-0.075426,-0.135319,-0.004029,-0.179757,-0.010042,-0.110447,-0.063539
0.185568,0.518716,-0.065169,-0.079061,0.027617,-0.10451,999999,0.220617,0.052306,0.144111,999999,0.182554,-0.445584,-0.072935,0.198693,0.0265,0.199157,-0.136414,0.070874,0.061848,-0.228771,-0.062074,-0.063114,0.012457,-0.076042,0.014999,0.008149,0.117362
0.101201,0.371995,0.063788,-0.082016,0.06171,-0.059599,999999,0.36635,0.044786,0.052943,999999,0.124895,-0.448035,-0.109778,0.310281,0.085126,0.075289,-0.046556,0.072714,0.141561,-0.199212,-0.062183,-0.061593,-0.00389,-0.019025,0.023646,-0.095581,0.089862
0.166018,0.494616,0.157143,-0.118608,0.023598,-0.122583,999999,0.37448,0.069114,0.039226,999999,0.102537,-0.610927,-0.135784,-0.075287,-0.029732,0.14651,-0.127436,0.022733,0.118373,-0.281483,0.084303,-0.095973,-0.066794,-0.107447,-0.069529,-0.181922,0.022034
0.214572,0.501933,0.000438,-0.019611,0.029017,-0.067606,999999,0.359821,0.013472,0.030559,999999,0.146375,-0.485685,-0.162587,-0.029862,0.123495,0.123727,-0.12848,0.0363,0.029651,-0.256598,0.100061,-0.122283,-0.014365,-0.218285,-0.045199,-0.067795,-0.081957
0.266075,0.671682,0.140625,-0.082883,0.076422,-0.016399,999999,0.469359,-0.009359,-0.042573,999999,0.108953,-0.42421,-0.173308,0.116228,0.052706,0.104981,-0.004027,0.068943,0.056941,-0.077267,-0.040977,-0.07843,0.009804,-0.201052,0.025329,-0.067517,0.027793
0.203083,0.698966,0.264354,-0.02542,-0.003938,-0.042349,999999,0.459116,0.006979,-0.05814,-0.150387,0.133199,-0.355493,-0.159627,0.192325,0.058148,0.102948,-0.029483,0.075669,0.127502,-0.162138,-0.067661,-0.010841,-0.037504,-0.112668,-0.050165,0.139729,-0.000348
0.214533,0.6158,0.1294,-0.023544,0.061891,-0.108174,999999,0.471067,0.059845,0.002794,-0.384303,0.210455,-0.492486,-0.062836,0.081601,0.070507,0.237234,0.032514,0.135475,0.160122,-0.109677,-0.023839,-0.090745,-0.045209,0.025615,-0.048167,0.168798,-0.065338
0.222789,0.602105,0.194125,-0.121792,0.040908,-0.144553,999999,0.50668,0.074672,0.035284,-0.386522,0.087139,-0.564844,0.020458,0.072948,0.102276,0.161778,-0.031918,0.113581,0.270659,-0.185133,-0.132706,-0.11965,-0.032474,0.054481,0.011489,-0.068192,-0.021284
-0.200142,0.20207,-0.231796,-0.203696,-0.381141,-0.404071,999999,0.202087,-0.082324,-0.111663,-0.287129,0.059858,-0.67314,-0.138588,-0.179117,-0.06471,-0.083958,-0.197823,-0.028939,0.050871,-0.318181,-0.182927,-0.184148,-0.118405,-0.10074,-0.403944,-0.158962,-0.162351
-0.205068,0.26225,-0.10943,-0.160902,-0.330008,-0.272554,999999,0.192216,-0.016369,-0.154509,-0.204253,0.153791,-0.620759,-0.125912,-0.159876,-0.028523,-0.010341,-0.265168,0.097139,-0.010373,-0.392527,-0.260358,-0.246951,-0.113491,-0.172611,-0.295537,-0.148574,-0.239822
-0.101843,0.326838,-0.09346,-0.21427,-0.124299,-0.106565,999999,0.173364,0.006454,-0.084079,-0.262691,0.141963,-0.579453,-0.059956,0.149181,-0.078532,0.024774,-0.124297,0.121465,-0.039053,-0.322667,-0.217276,-0.222216,-0.121686,-0.147603,-0.165352,-0.22108,-0.201031
0.000747,0.490062,-0.271304,-0.106442,-0.080235,-0.217012,999999,0.143325,-0.02307,0.010227,-0.239623,0.165391,-0.625685,-0.037701,0.179766,0.122328,0.015882,-0.105224,0.118588,0.178857,-0.288524,-0.185197,-0.114299,-0.076389,-0.079305,-0.067034,-0.078352,-0.014023
0.025742,0.595387,-0.093325,-0.021901,-0.085011,-0.253429,999999,0.224616,0.03722,-0.042244,-0.25723,0.20404,-0.48314,-0.046745,-0.01048,0.063704,0.098291,-0.081688,0.14237,0.174208,-0.292302,-0.219027,0.001751,-0.110112,-0.17091,-0.054081,-0.118763,0.06649
-0.04835,0.540123,0.098768,-0.004638,-0.029375,-0.166105,999999,0.416632,0.111161,-0.014574,-0.270913,0.078621,-0.332842,-0.132038,0.013093,0.125464,0.118851,-0.098211,0.175314,0.220487,-0.353152,-0.243324,-0.099785,-0.034165,-0.246609,0.156959,-0.125773,-0.014372
0.028634,0.56615,0.102583,-0.033088,0.104719,-0.15587,999999,0.203776,0.10019,0.011142,-0.325246,0.238458,-0.485079,-0.06531,0.094548,0.168415,0.131145,-0.165038,0.198263,0.048795,-0.224503,-0.296022,-0.043409,0.056139,-0.19879,0.159195,-0.168042,-0.122582
-0.071465,0.55671,0.188153,0.000195,0.124465,-0.079779,999999,0.356326,0.090762,0.043641,-0.294006,0.284871,-0.405464,-0.032952,0.147441,0.143435,0.1864,-0.072545,0.169272,0.16422,-0.234632,-0.050001,-0.022125,0.073778,-0.120362,0.071446,0.061072,0.084728
-0.054254,0.596134,0.07634,0.008371,-0.005671,-0.106007,999999,0.300813,0.092331,0.007462,-0.200376,0.064496,-0.249174,0.12671,0.255095,0.145797,0.21242,-0.149102,0.240586,0.154395,-0.208515,-0.087573,-0.032172,0.02621,-0.103554,-0.002645,0.147153,0.007715
-0.034834,0.662175,0.005358,0.094758,-0.054169,-0.160707,999999,0.144008,0.057574,0.023213,-0.229322,0.007235,-0.578864,0.072804,0.01254,0.212769,0.136188,-0.192295,0.188935,0.11572,-0.168567,-0.064794,-0.040117,0.044647,-0.037097,0.010662,-0.044381,0.008294
-0.078704,0.522733,0.111957,-0.023264,0.013892,-0.250944,999999,-0.075165,0.044942,0.073393,-0.214911,0.201726,-0.672926,-0.211462,-0.07541,0.143127,0.106761,-0.148902,0.133486,0.117445,-0.395059,-0.110478,-0.124972,-0.060931,-0.044202,0.045717,0.046908,-0.016593
-0.005209,0.533221,0.286333,-0.100519,0.089027,-0.158198,999999,0.039337,0.08023,0.082917,-0.310033,0.250219,-0.637309,-0.136937,0.109275,0.062352,0.094034,-0.092372,0.26932,0.158567,-0.317485,-0.119412,-0.173047,0.001538,0.065531,0.097144,0.207334,0.15295
0.098936,0.57231,0.275328,0.024892,0.059006,-0.051946,999999,0.153462,0.135301,0.121922,-0.349953,0.117192,-0.423298,0.189477,0.172139,0.123326,0.114676,-0.048418,0.286781,0.219089,-0.274585,-0.189521,-0.139124,0.071088,-0.019366,0.087521,0.080597,0.253391
0.140926,0.68562,0.337971,0.094042,0.056288,-0.057145,999999,0.179647,0.14199,0.071298,-0.268601,0.089303,-0.525006,0.14814,0.191267,0.141031,0.142785,0.041514,0.174729,0.248429,-0.195203,-0.04538,-0.058422,0.0955,-0.244582,0.085629,0.126014,-0.019164
0.139807,0.564219,0.232019,0.165262,0.140237,0.007687,999999,0.225745,0.119362,0.010376,-0.203196,0.296808,-0.492178,0.224414,0.138469,0.184648,0.152526,0.106397,0.24329,0.289703,-0.262814,-0.007205,-0.029107,0.026043,-0.19707,0.104142,0.093194,-0.033858
0.137057,0.830631,0.358845,0.15059,0.15839,-0.007487,999999,0.026775,0.143359,0.11348,-0.209076,0.29944,-0.524522,0.229107,0.206767,0.241421,0.195019,0.058369,0.235054,0.288266,-0.279057,0.075068,0.025868,0.077996,-0.126172,0.144846,0.003855,0.164573
0.147651,0.58814,0.360916,0.249517,0.161923,-0.046435,999999,0.07038,0.183651,0.18236,-0.248148,0.187398,-0.665701,0.126283,0.151328,0.20891,0.252066,0.082676,0.139249,0.290956,-0.125175,0.022323,-0.026663,0.146352,-0.003253,0.018061,0.06036,-0.001202
0.34262,0.747721,0.410748,0.210221,0.132679,0.008436,999999,0.293578,0.199759,0.081678,-0.155799,0.267001,-0.351033,0.062941,0.216193,0.229659,0.205424,0.085888,0.226918,0.321415,-0.200077,0.080524,-0.048499,0.170754,0.176993,0.176986,-0.01898,0.005178
0.174718,0.780668,0.28153,0.129444,0.11573,0.060403,999999,0.16536,0.234167,0.134766,-0.135749,0.324384,-0.310325,0.236964,0.215013,0.213719,0.189728,0.081285,0.336379,0.333351,-0.136325,0.093269,0.021669,0.015165,0.112003,0.246229,-0.03324,0.101727
0.243228,0.668899,0.365012,0.159036,0.215468,0.051429,999999,0.3652,0.214393,0.20339,-0.228545,0.22342,-0.3498,0.003174,0.197608,0.238245,0.077845,0.07557,0.346087,0.244409,-0.016068,0.099955,0.155072,-0.005067,0.131501,0.193304,0.054225,-0.011525
0.184764,0.680803,0.392107,0.219676,0.139121,0.03503,999999,0.149122,0.191032,0.202128,-0.258337,0.257644,-0.263734,0.138056,0.116393,0.228574,0.174228,0.056479,0.333395,0.132223,0.17583,0.207196,0.248689,0.092887,0.060873,0.022954,0.079862,-0.040566
0.236684,0.656731,0.311736,0.112484,0.160398,-0.024179,999999,0.261008,0.197276,0.251469,-0.144593,0.255509,-0.284455,0.355687,0.097435,0.342495,0.181281,0.118478,0.264777,0.176443,0.136318,0.23017,0.201034,0.112996,0.166788,0.157759,0.117904,0.10493
0.340085,0.581308,0.04257,0.024089,0.192976,0.097549,999999,0.23227,0.244645,0.262937,-0.153656,0.221946,-0.194452,0.436998,0.045327,0.363204,0.277248,0.102501,0.263043,0.258444,0.007314,0.169799,0.067755,0.102257,0.180371,0.147255,0.100447,0.240208
0.264202,0.54431,0.199448,0.10447,0.214378,0.228395,999999,0.306971,0.248494,0.251836,-0.163033,0.176105,-0.380635,0.470346,0.341129,0.213331,0.177766,0.082892,0.373311,0.235856,0.09515,0.103216,-0.005983,0.034909,0.217697,0.039044,0.233072,0.158887
0.502266,0.62379,0.292247,0.136636,0.287834,0.144436,999999,0.282568,0.260926,0.287719,-0.223931,0.285489,-0.38455,0.237717,0.454786,0.249552,0.222522,0.028565,0.40969,0.332033,0.119893,0.070739,0.012384,0.01167,0.185705,0.060297,-0.004438,0.194678
0.360924,0.566314,0.304532,0.194865,0.230789,0.105969,999999,0.271524,0.304976,0.269091,-0.181367,0.227388,-0.304179,0.244322,0.055976,0.324753,0.310035,0.064056,0.342785,0.39143,0.065298,0.079354,0.03377,0.035634,0.218823,0.169533,0.072177,0.108031
0.267153,0.489037,0.342334,0.175362,0.119842,0.028283,999999,0.125472,0.258797,0.314001,0.027334,0.256807,-0.438682,0.167101,0.08323,0.298516,0.229213,0.082107,0.355852,0.614185,-0.023013,-0.041619,0.101913,0.051071,0.165196,0.095333,0.039452,0.028843
0.21487,0.587158,0.099948,0.156855,0.194346,0.057547,999999,0.228232,0.231715,0.319193,-0.120515,0.257126,-0.444291,0.211456,0.177759,0.322961,0.312544,0.071801,0.40236,0.338601,0.01027,-0.039915,0.135107,0.10634,0.222542,0.076735,0.167036,0.142162
0.43905,0.628251,0.337594,0.147149,0.268003,0.092172,999999,0.176256,0.26115,0.26366,-0.087354,0.242884,-0.313273,0.06101,0.077683,0.243113,0.254063,0.038357,0.349532,0.27118,0.043301,0.044768,0.224188,0.169536,0.111128,0.076296,0.038424,0.188478
0.335537,0.712232,0.273331,0.163743,0.164275,0.016279,999999,0.106991,0.290199,0.384006,-0.171448,0.255172,-0.318438,0.037567,0.241161,0.318145,0.23994,0.046117,0.365506,0.237253,-0.110329,0.111862,0.378724,0.085394,0.046255,0.121396,0.127508,0.304747
0.403588,0.630158,0.257592,0.145635,0.13159,0.050473,999999,0.177394,0.275551,0.356605,-0.149311,0.283322,-0.415011,0.048082,0.286486,0.473115,0.255507,0.041751,0.339706,0.261367,-0.072474,0.125964,0.120769,-0.013391,0.074297,-0.019991,0.116651,0.127946
0.347813,0.602427,0.030177,0.119187,0.237607,0.098303,999999,0.267942,0.277507,0.271953,0.010968,0.265551,-0.264167,-0.048383,0.02136,0.372501,0.353114,0.046447,0.307266,0.382277,-0.160973,0.173225,-0.013824,0.102808,0.099604,0.184617,0.293921,0.19995
0.347735,0.730073,0.348297,0.186677,0.220542,0.165336,999999,0.232388,0.297063,0.355566,-0.130792,0.246907,-0.154177,0.151762,0.048773,0.323854,0.355012,0.072765,0.221355,0.5101,-0.075231,0.233684,0.009745,0.195818,0.191371,0.351837,0.35007,0.146972
0.251338,0.567067,0.485552,0.212575,0.217899,0.071358,999999,0.508042,0.334806,0.313208,-0.173645,0.405376,-0.319966,0.155094,0.367287,0.380866,0.23215,0.09975,0.459039,0.51054,0.044357,0.207441,0.020086,0.169237,0.057093,0.213614,0.143726,0.170076
0.367302,0.534508,0.393484,0.263316,0.236429,0.066388,999999,0.331087,0.32083,0.23978,-0.040795,0.371659,-0.301098,0.253713,0.475424,0.410054,0.373806,0.153119,0.532229,0.427284,0.197602,0.199981,0.114672,0.122107,-0.003095,0.278932,0.092919,0.23616
0.397229,0.518961,0.482153,0.321957,0.239232,0.097564,999999,0.286441,0.337982,0.185909,-0.061945,0.24535,-0.068064,0.094816,0.01298,0.366165,0.352641,0.185047,0.446617,0.417045,0.062076,0.144967,0.128144,0.162089,0.119552,0.254192,0.24785,0.354191
0.313629,0.71493,0.492102,0.220807,0.228995,0.085637,999999,0.373469,0.346323,0.250131,-0.147321,0.256692,-0.336868,-0.064833,-0.012622,0.317185,0.220407,0.156966,0.403168,0.403272,-0.01686,0.320601,0.130907,0.140745,0.230268,0.244589,0.280496,0.38176
0.305272,0.652767,0.279601,0.136352,0.25078,0.054789,999999,0.329401,0.330107,0.182539,-0.091532,0.280223,-0.315496,0.207743,0.090349,0.378778,0.237267,0.051602,0.42664,0.469781,0.090275,0.250606,0.144741,0.173579,0.091885,0.16711,0.278025,0.256353
0.31441,0.617781,0.30126,0.257288,0.278951,0.072855,999999,0.43009,0.34065,0.316342,0.00879,0.34588,-0.240782,0.306866,0.130547,0.495035,0.274771,0.08049,0.491865,0.531457,0.031866,0.275718,0.15214,0.25975,0.100521,0.065504,0.185343,0.194945
0.320527,0.645892,0.413255,0.237072,0.352823,0.033395,999999,0.471896,0.349805,0.231466,-0.06509,0.287963,-0.122587,0.15782,0.287246,0.46177,0.286159,0.137064,0.46031,0.47016,-0.031608,0.154147,0.251864,0.211393,0.04273,0.224796,0.095688,0.146207
0.331334,0.604261,0.468971,0.186442,0.314053,0.072878,999999,0.332635,0.349766,0.297334,-0.050953,0.3161,-0.235907,0.07982,-0.01056,0.418904,0.204048,0.159824,0.490365,0.372184,0.155316,0.297352,0.304372,0.105095,0.068191,0.083088,0.235363,0.158641
0.349802,0.574855,0.564293,0.118138,0.217445,0.137289,999999,0.512465,0.318059,0.380068,-0.078522,0.366823,-0.147584,-0.062844,0.06038,0.532959,0.200888,0.198421,0.512157,0.427368,0.192241,0.255525,0.136945,0.116189,0.213269,0.054748,0.2629,0.17246
0.361268,0.713137,0.56281,0.21971,0.287825,0.176242,999999,0.31361,0.344281,0.316384,-0.169514,0.337534,-0.017363,0.027895,0.358232,0.359189,0.286199,0.208277,0.529088,0.343788,0.131314,0.165512,0.115709,0.185798,0.21394,0.082986,0.070901,0.260775
0.363104,0.695433,0.457501,0.150136,0.356498,0.118803,999999,0.39109,0.359765,0.322378,-0.174708,0.236079,-0.18543,-0.063567,0.150974,0.422984,0.250125,0.192103,0.549876,0.318531,0.184061,0.174012,0.212991,0.193848,0.241704,0.260142,0.1247,0.276641
0.366015,0.659903,0.625311,0.236826,0.293938,0.082956,999999,0.47043,0.359035,0.328182,-0.086661,0.254319,-0.116424,0.195297,0.12483,0.430783,0.222377,0.216176,0.517249,0.303347,0.149687,0.140392,0.287762,0.255822,0.205031,0.107595,0.089427,0.13263
0.324287,0.677347,0.746353,0.181783,0.295427,0.125597,999999,0.388101,0.323553,0.343924,-0.015153,0.303645,-0.268296,0.1227,0.294963,0.447095,0.3624,0.257577,0.491603,0.281494,0.246851,0.261491,0.25918,0.275205,0.173708,0.24898,0.110235,0.008418
0.40325,0.762616,0.366006,0.239117,0.254903,0.142215,999999,0.502299,0.32657,0.457592,0.01211,0.352815,-0.131923,0.037747,0.041803,0.492068,0.393874,0.24641,0.579494,0.499794,0.219842,0.053822,0.21629,0.118039,0.243376,0.273532,0.238038,-0.02803
0.258418,0.596701,0.288519,0.22431,0.316515,0.144858,999999,0.432365,0.313821,0.431987,-0.031191,0.349285,-0.340861,0.052353,0.126125,0.458946,0.263753,0.195488,0.566228,0.542951,0.399159,0.053085,0.319398,0.172897,0.130799,0.107834,0.00053,0.21252
0.269919,0.766999,0.514192,0.277933,0.332084,0.135446,999999,0.455721,0.318098,0.435923,-0.152454,0.237976,-0.145927,-0.087027,0.199906,0.500255,0.303538,0.144486,0.527331,0.30823,0.292266,0.015923,0.528757,0.106371,0.102678,0.119115,0.133479,0.001509
0.33857,0.813176,0.561144,0.235204,0.340506,0.17186,999999,0.351188,0.318966,0.382252,-0.163715,0.376085,-0.185759,-0.097586,0.455258,0.409135,0.326353,0.108834,0.468603,0.236589,0.184967,0.038514,0.412664,0.157463,0.19684,0.100198,0.109614,0.022538
0.383705,0.659633,0.495854,0.235961,0.279885,0.15032,999999,0.329908,0.346591,0.281537,-0.147288,0.305413,-0.254567,0.01043,0.267847,0.36463,0.366442,0.129159,0.517897,0.238441,0.109086,0.171164,0.063389,0.222745,0.34002,0.18792,0.041343,0.086257
0.294466,0.630945,0.590526,0.245441,0.272341,0.102206,999999,0.35889,0.338479,0.355817,0.005411,0.225475,-0.124761,0.038639,0.175118,0.455115,0.423409,0.083782,0.516043,0.418377,0.124007,0.214874,0.005115,0.150143,0.312964,0.223409,0.018567,0.163969
0.331247,0.793593,0.718971,0.237698,0.340024,0.057772,0.062555,0.385744,0.313084,0.320507,-0.081526,0.358591,-0.142298,0.047693,0.14261,0.399564,0.418174,0.04951,0.438466,0.308386,0.129965,0.089087,0.103614,0.158099,0.236142,0.22623,0.156048,0.230826
0.317914,0.77265,0.496544,0.191061,0.355016,-0.032405,0.203951,0.52465,0.329635,0.274555,-0.128642,0.288573,0.088602,0.090746,0.221206,0.480813,0.334771,0.13161,0.491715,0.374147,0.060811,0.221677,0.223723,0.171659,0.269849,0.17922,0.325609,0.087872
0.371207,0.789126,0.743112,0.178318,0.407415,0.089551,0.213711,0.628493,0.328618,0.352331,-0.094035,0.257749,0.02715,0.078148,0.462749,0.469897,0.341525,0.109586,0.561674,0.403866,0.069976,0.153378,0.236099,0.264112,0.231012,0.072919,0.190997,0.174319
0.42767,0.741854,0.55074,0.1336,0.366562,0.189842,0.249703,0.41095,0.351674,0.417138,-0.076396,0.432507,-0.264041,0.068198,0.24495,0.517688,0.340078,0.050355,0.485833,0.489617,0.235024,0.320475,0.194781,0.238628,0.287549,0.149309,0.166916,0.282696
0.350543,0.698733,0.427239,0.209412,0.297516,0.234599,0.233187,0.362666,0.382985,0.423801,-0.121462,0.386897,-0.247514,0.02597,0.226692,0.586637,0.380846,0.033854,0.480836,0.542537,0.14817,0.141504,0.242584,0.234652,0.141529,0.191875,0.24798,0.273177
0.390683,0.71991,0.689941,0.231754,0.359444,0.188749,0.305203,0.489907,0.361369,0.440063,-0.088651,0.315244,-0.307372,0.050849,0.475656,0.521261,0.373075,-0.03597,0.622024,0.527472,0.132965,0.020391,0.327196,0.190276,0.145564,0.224889,0.184093,0.390946
0.291949,0.738205,0.404452,0.252517,0.398832,0.110454,0.34739,0.444974,0.257437,0.509929,-0.152727,0.505012,-0.299301,0.119245,0.457122,0.475177,0.326888,-0.014079,0.599032,0.431514,0.249972,0.157339,0.263704,0.281697,0.323701,0.247355,0.244005,0.299164
0.456858,0.8462,0.692299,0.176986,0.367331,0.267839,0.269477,0.368736,0.219797,0.503977,-0.128464,0.427246,-0.392399,0.102679,0.168427,0.473972,0.349847,-0.007402,0.477422,0.291013,0.254579,0.206305,0.015195,0.288372,0.433112,0.155561,0.139685,0.071679
0.228288,0.629126,0.439328,0.076897,0.215128,0.121528,0.042641,0.369325,0.21462,0.338912,-0.093668,0.390547,-0.504635,-0.007037,0.025259,0.388205,0.282453,-0.037202,0.332894,0.185139,0.19033,0.122701,0.009669,0.364577,0.219084,0.291081,0.037635,0.012043
0.049888,0.483929,0.342573,0.005278,0.114997,-0.076288,0.09322,0.036311,0.119614,0.209905,-0.111565,0.421213,-0.778964,-0.264433,-0.180552,0.204579,0.154408,-0.179897,0.189651,0.249783,-0.122802,0.102171,-0.031514,0.209862,-0.036539,0.171188,-0.120185,-0.010055
0.142233,0.674431,0.39781,-0.008776,0.164799,-0.037771,0.31035,0.169182,0.063732,0.177303,-0.166874,0.286313,-0.767747,-0.089631,-0.022596,0.315964,0.189383,-0.244423,0.275519,0.456082,-0.232013,0.097352,0.02693,0.078123,-0.181514,0.068993,0.022912,0.072869
0.223322,0.728663,0.391974,-0.021425,0.254519,0.021495,0.143526,0.378214,0.054582,0.296288,-0.118509,0.389181,-0.864452,-0.048774,0.184189,0.397431,0.27153,-0.253341,0.349459,0.248793,-0.092425,0.016803,0.089822,0.148692,0.048442,0.082058,0.129228,0.111778
0.311113,0.719782,0.548414,-0.025113,0.278587,0.065527,0.15577,0.309292,0.145758,0.40007,-0.02522,0.447901,-0.761831,-0.150786,0.039299,0.42668,0.286291,-0.160387,0.42959,0.403149,0.078441,0.170548,-0.009159,0.206388,0.257947,0.104469,0.006379,0.20429
0.296159,0.663019,0.610863,0.067945,0.346622,0.068409,0.362021,0.424742,0.118079,0.360316,-0.089546,0.404835,-0.710286,-0.182936,-0.015985,0.430692,0.307408,-0.040053,0.375084,0.358771,-0.086385,0.084864,-0.028126,0.361257,0.257651,0.167828,0.152233,0.144215
0.284824,0.814764,0.537949,0.037479,0.413725,0.131171,0.421955,0.322765,0.06425,0.397043,-0.171366,0.410562,-0.752308,-0.224857,0.017563,0.338049,0.311654,-0.046269,0.30144,0.371617,-0.095042,0.098295,-0.024995,0.315616,0.220969,0.275191,0.016352,-0.009179
0.274147,0.834849,0.418908,0.042179,0.357021,0.180337,0.232714,0.335028,0.088127,0.498249,0.005634,0.48027,-0.677915,0.029765,0.079253,0.431541,0.311274,-0.086324,0.412993,0.364661,-0.077619,0.162825,0.038934,0.273203,0.276667,0.258884,0.274322,0.063897
0.358065,0.791228,0.62365,0.148304,0.341921,0.131035,0.293112,0.556597,0.146998,0.475827,-0.112032,0.485284,-0.646945,0.014683,0.163203,0.515649,0.400585,-0.09515,0.492118,0.562235,-0.054126,0.159059,0.058521,0.287365,0.335288,0.323769,0.174881,0.152424
0.346528,0.886334,0.760055,0.085357,0.416652,0.114814,0.31543,0.413362,0.195816,0.482914,-0.008918,0.471989,-0.589934,0.082804,0.195227,0.518174,0.335092,0.021386,0.539201,0.657276,-0.045198,0.138223,0.025912,0.401994,0.464708,0.255555,0.00641,0.213512
0.403338,0.817029,0.558287,0.273757,0.465066,0.158573,0.427512,0.286581,0.185222,0.560554,-0.133133,0.524236,-0.530263,0.152047,0.421805,0.558744,0.515123,0.013896,0.557841,0.443562,-0.065189,0.119685,0.00665,0.4043,0.377441,0.199097,0.031258,0.209703
0.596819,0.807368,0.747491,0.329182,0.539756,0.195967,0.512426,0.405325,0.174607,0.534896,-0.095572,0.517276,-0.43571,0.00251,0.216916,0.593779,0.517728,0.042237,0.538136,0.419664,0.091267,0.177597,0.149073,0.375802,0.405812,0.14058,-0.008846,0.134679
0.412308,0.895081,0.698502,0.189562,0.50165,0.164141,0.585869,0.221704,0.162632,0.474829,-0.089497,0.549426,-0.432005,0.186611,0.07468,0.537298,0.508613,-0.064256,0.530521,0.3264,0.02485,0.218162,0.187374,0.435401,0.5735,0.259959,-0.007444,0.041295
0.515654,0.834984,0.497862,0.238511,0.504315,0.166352,0.543996,0.213866,0.209287,0.567186,0.050214,0.497624,-0.626113,0.201002,0.138334,0.496871,0.561588,-0.073867,0.627761,0.37842,0.144639,0.262151,0.268804,0.435842,0.358295,0.362036,0.166109,0.149808
0.48399,0.861658,0.665322,0.272106,0.60521,0.144211,0.447419,0.291181,0.179932,0.694799,0.012849,0.612928,-0.549308,-0.057917,0.344081,0.575185,0.544273,0.030281,0.603199,0.577922,0.320046,0.283688,0.17911,0.473061,0.21924,0.424578,0.281446,0.179676
0.412402,0.887636,0.81015,0.282524,0.684192,0.156587,0.476421,0.267134,0.206691,0.665354,0.078927,0.613898,-0.320959,-0.019377,0.341562,0.612625,0.471356,0.0035,0.58653,0.538288,0.358853,0.411029,0.229091,0.503204,0.402899,0.310884,0.36983,0.340293
0.595035,0.927507,0.703066,0.265286,0.63904,0.225623,0.545523,0.446055,0.245499,0.714084,0.060101,0.580402,-0.067872,0.048867,0.333391,0.597586,0.546534,0.058291,0.685745,0.548384,0.272858,0.529004,0.150499,0.601254,0.335706,0.363448,0.235067,0.45812
0.496918,1.094852,0.814252,0.417605,0.69086,0.286872,0.634145,0.454687,0.326074,0.793902,0.039331,0.584985,-0.14734,0.091475,0.373384,0.628338,0.602157,0.084242,0.698097,0.762003,0.211085,0.465295,0.165418,0.628433,0.397535,0.301578,0.290071,0.39606
0.658561,1.070983,0.961917,0.472649,0.715254,0.401506,0.63581,0.574106,0.306993,0.731863,0.095283,0.725542,-0.290415,0.326721,0.281966,0.68008,0.611935,0.089429,0.831185,0.657341,0.260305,0.388213,0.278909,0.595627,0.46031,0.348846,0.275666,0.473994
0.600488,0.882174,0.764706,0.385621,0.631317,0.357304,0.490794,0.519564,0.283421,0.617279,0.183577,0.634951,-0.227444,0.169689,0.431765,0.569137,0.476051,0.055747,0.719817,0.678862,0.155719,0.249887,0.282378,0.588621,0.439022,0.361985,0.291323,0.503633
0.543222,0.864705,0.712561,0.194094,0.520372,0.141637,0.472012,0.256773,0.151096,0.502769,0.203106,0.647578,-0.547124,-0.098955,0.374668,0.493968,0.281616,-0.061931,0.680836,0.707321,0.084903,0.182311,0.103912,0.444556,0.299888,0.363437,0.283247,0.270829
0.654975,0.889632,0.750585,0.245752,0.60541,0.163745,0.7041,0.398138,0.237807,0.547616,0.081081,0.728108,-0.346125,0.134519,0.369619,0.567688,0.408925,0.043985,0.771448,0.666785,0.14293,0.238403,-0.007832,0.549315,0.344347,0.408757,0.340405,0.406773
0.655784,0.937109,0.799502,0.37871,0.651943,0.22967,0.701758,0.399053,0.288944,0.671904,0.183603,0.607698,-0.330682,0.464028,0.2449,0.564381,0.461044,0.151277,0.781696,0.473007,0.211167,0.477577,0.028454,0.523333,0.47326,0.424032,0.381402,0.321072
0.854807,1.032929,0.970481,0.439761,0.722567,0.290266,0.660439,0.627996,0.281576,0.634439,0.198594,0.693845,-0.377073,0.416186,0.401802,0.583313,0.463712,0.169111,0.804702,0.607761,0.317205,0.367892,0.172816,0.551091,0.461053,0.198,0.409058,0.273982
0.848297,1.118566,1.103265,0.418458,0.823019,0.401171,0.731676,0.552593,0.342635,0.707097,0.166153,0.765449,-0.130951,0.254763,0.640561,0.687529,0.505782,0.152917,0.873651,0.763586,0.346343,0.328134,0.33507,0.602694,0.499143,0.342663,0.456013,0.396632
0.922822,1.114422,0.956182,0.571066,0.871767,0.352556,0.710884,0.590193,0.410779,0.825815,0.176654,0.845013,-0.122449,0.36349,0.683885,0.70715,0.594356,0.153145,0.95493,0.848357,0.390947,0.483905,0.390411,0.578384,0.469471,0.266362,0.437878,0.487357
0.996744,1.305302,1.006973,0.612726,0.847798,0.360834,0.720577,0.557677,0.429068,0.870639,0.351134,0.798872,-0.082553,0.298634,0.236621,0.796343,0.591951,0.172278,1.010347,0.830415,0.388049,0.569906,0.365171,0.819079,0.671829,0.412645,0.601066,0.43664
1.087669,1.292794,1.069123,0.635679,0.922528,0.34809,0.825067,0.808788,0.484425,0.869054,0.284797,0.882581,-0.095513,0.514387,0.366463,0.835436,0.653371,0.214061,1.060319,0.817191,0.577132,0.551692,0.337646,0.92485,0.766892,0.423871,0.709028,0.666044
1.059806,1.128289,0.971675,0.62396,0.837776,0.345693,0.72187,0.726062,0.475967,0.85581,0.275459,0.882173,-0.15921,0.53281,0.634672,0.79512,0.49755,0.212835,0.969393,0.576566,0.435991,0.52846,0.319862,0.772973,0.743959,0.446341,0.433872,0.467843
0.699204,0.841522,0.81397,0.3859,0.547424,0.279122,0.231937,0.294717,0.201085,0.605245,0.320937,0.894573,-0.332573,0.080851,0.40638,0.422174,0.249641,-0.016999,0.81691,0.429152,0.130467,0.168711,0.123508,0.420439,0.492294,0.157689,0.284895,0.178915
0.816523,0.94575,0.812179,0.419176,0.698882,0.393686,0.474042,0.536931,0.244696,0.632628,0.207424,0.867299,-0.397538,0.141811,0.229568,0.519158,0.383254,0.042897,0.920158,0.652621,0.191479,0.226623,0.302405,0.474819,0.570857,0.273398,0.371153,0.165094
0.906389,1.046467,0.965287,0.477216,0.764232,0.348206,0.683497,0.763974,0.27374,0.666632,0.426315,0.83434,-0.350041,0.319527,0.324376,0.690451,0.422019,0.150817,0.91092,0.616121,0.312579,0.193972,0.336752,0.62391,0.650397,0.17298,0.357372,0.27043
0.882929,1.133531,1.19553,0.573826,0.826698,0.390311,0.759745,0.614268,0.382917,0.862399,0.348427,1.002906,-0.260921,0.466842,0.448941,0.798786,0.601493,0.229162,0.992359,0.847301,0.354926,0.469917,0.268475,0.73056,0.659256,0.360133,0.359256,0.320922
1.063371,1.39284,1.305236,0.752257,0.907413,0.430289,0.82344,0.634178,0.465219,0.866885,0.33589,0.908904,-0.076695,0.536852,0.812893,0.842127,0.581557,0.223009,1.055565,1.073544,0.501307,0.579952,0.253507,0.787687,0.761916,0.411774,0.513666,0.309446
1.124452,1.289646,1.299457,0.769382,0.946989,0.463842,0.871758,0.844616,0.48426,0.956142,0.502869,0.922528,0.112327,0.642434,0.790226,0.807546,0.593581,0.271167,1.10774,0.998314,0.638058,0.50351,0.442943,0.811526,0.989508,0.395357,0.499369,0.358878
1.0914,1.50768,1.139144,0.820838,1.05667,0.591903,0.81594,0.799738,0.472759,0.854124,0.471868,1.093187,-0.019943,0.655118,0.531623,0.880971,0.765651,0.406741,1.214693,0.934858,0.546968,0.580193,0.523211,0.876702,0.858274,0.407813,0.516613,0.441953
1.130612,1.502195,1.359275,0.898925,1.110944,0.619927,0.923444,0.747513,0.585617,0.833321,0.407113,1.018162,0.141891,0.628183,0.585112,0.872468,0.806719,0.428112,1.263952,1.001235,0.596432,0.585098,0.529127,0.826921,0.892951,0.368162,0.680065,0.580183
1.162477,1.424611,1.585011,0.94485,1.133144,0.568745,0.985027,0.918336,0.678417,0.962969,0.390135,0.916727,0.135207,0.680696,0.839305,0.853543,0.781611,0.486368,1.259601,1.110077,0.689184,0.521249,0.569602,0.856258,0.971236,0.455999,0.636412,0.758463
1.184502,1.618926,1.342112,0.867827,1.209127,0.600385,1.022514,0.850687,0.690863,1.071702,0.552836,0.991745,0.203343,0.933221,0.916649,0.940652,0.905587,0.565109,1.32719,1.044167,0.813786,0.721083,0.635313,0.891708,1.030072,0.457973,0.603969,0.706687
1.259984,1.739462,1.384421,0.970304,1.225949,0.744619,1.067113,0.974377,0.680975,1.089771,0.496669,1.100472,0.325171,1.033039,0.921597,1.044448,0.852895,0.611086,1.381387,1.110771,0.683385,0.624314,0.726225,0.902632,0.996686,0.503069,0.638836,0.753647
1.171034,1.715591,1.577875,1.075292,1.200241,0.766308,1.066904,1.029935,0.671954,1.049795,0.551917,1.151073,0.329399,0.87655,0.644418,0.977803,0.898274,0.602111,1.401985,1.141637,0.59894,0.582796,0.722747,1.05301,0.912603,0.572888,0.735396,0.967398
1.223303,1.711927,1.418831,1.080968,1.24301,0.739403,1.100206,1.089718,0.731423,1.133679,0.606392,1.137038,0.208861,0.846626,0.743911,1.043983,0.948992,0.581972,1.417886,1.144389,0.455059,0.658329,0.775538,1.128518,0.957122,0.565217,0.819789,0.958494
1.21953,1.839851,1.423949,1.185014,1.259257,0.756574,1.201586,1.140638,0.784966,1.140341,0.444638,1.077217,0.30993,0.925975,0.831815,1.010622,0.91377,0.610276,1.482994,1.291309,0.561036,0.779779,0.741595,1.058451,0.96694,0.602304,0.820643,0.967469
1.305419,1.754742,1.696439,1.199187,1.261855,0.805514,1.092841,1.027093,0.779707,1.128366,0.531966,1.10039,0.507176,0.71126,0.940083,1.074851,0.934565,0.712296,1.410743,1.231512,0.583707,0.745044,0.68595,1.058433,1.097379,0.473372,0.751479,0.82805
1.414678,1.774589,1.777158,1.150796,1.302654,0.806179,1.017175,0.938925,0.795803,1.219496,0.624216,1.216766,0.494252,0.689483,0.961962,1.144392,0.951312,0.709013,1.402577,1.300732,0.799874,0.681146,0.852387,1.092078,1.233287,0.618894,0.672654,0.765286
1.495184,1.766574,1.760903,1.203576,1.358838,0.781112,1.064063,1.029988,0.80633,1.102805,0.595413,1.161779,0.544374,0.818089,0.99891,1.110434,0.930442,0.7057,1.430021,1.299773,0.876177,0.811108,0.94591,1.050311,1.114851,0.64011,0.845792,0.749345
1.45305,1.778774,1.717282,1.274542,1.353479,0.802623,1.143587,1.003215,0.847868,1.130632,0.535371,1.061462,0.583593,0.902302,0.781119,1.100755,0.91747,0.804294,1.401444,1.459058,0.742562,0.863397,0.919795,1.000997,1.180215,0.537408,1.000538,0.802738
1.463484,1.724647,1.333478,1.268275,1.358748,0.811231,1.175761,1.068493,0.876423,1.234025,0.48574,1.28505,0.660686,0.857708,0.891879,1.12195,1.082638,0.70461,1.426539,1.413317,0.808804,0.991058,0.720326,1.130331,1.197156,0.611604,0.983404,0.873219
1.468007,1.887439,1.56469,1.27593,1.398095,0.837494,1.297432,1.147516,0.892364,1.225376,0.659825,1.239395,0.868403,0.886112,0.947591,1.098266,1.127422,0.719873,1.483538,1.540377,0.771034,1.159235,0.630909,1.209632,1.168238,0.422689,0.852937,0.737446
1.348066,1.874705,1.800456,1.331162,1.455542,0.80557,1.220229,1.075588,0.915488,1.196963,0.731723,1.221111,0.799987,0.956538,0.946357,1.201353,1.078344,0.882877,1.594671,1.719429,0.97496,1.277604,0.775738,1.2704,1.268571,0.533019,0.847349,0.825419
1.426943,1.744932,1.788165,1.467271,1.424562,0.873729,1.16334,1.0999,0.945702,1.378146,0.705993,1.28822,0.716719,0.845446,0.842632,1.16094,1.057214,0.985286,1.764793,1.508889,0.857275,1.278238,0.906056,1.293965,1.232348,0.686759,0.882296,0.878204
1.40574,1.939541,1.826863,1.487016,1.384911,0.989794,1.250502,1.120771,1.036814,1.423381,0.714822,1.206873,0.915479,1.062951,1.034782,1.25481,1.085343,1.017689,1.700371,1.52306,0.902362,1.28358,1.129584,1.33579,1.444065,0.688084,0.949496,0.899743
1.411173,1.952306,1.944058,1.412114,1.420676,0.883586,1.268694,1.117832,1.048043,1.397625,0.53969,1.267535,0.909792,1.110003,1.06746,1.358136,1.078102,1.020543,1.626728,1.516012,1.009258,1.335861,0.995056,1.292588,1.228917,0.738023,0.939679,1.124352
1.428749,1.925598,1.975998,1.505912,1.518436,0.931079,1.229458,1.142222,1.080138,1.415795,0.683212,1.375759,0.973927,0.875208,0.968269,1.356102,1.152032,1.007933,1.713926,1.612227,1.074278,1.369306,0.91773,1.201045,1.333088,0.642071,1.041183,1.059034
1.493588,1.829082,1.786436,1.582423,1.50306,1.063086,1.419709,1.137807,1.109024,1.422735,0.730202,1.335538,1.004643,0.967591,0.980675,1.316471,1.140292,1.046881,1.837062,1.548719,1.107696,1.439921,0.88169,1.155456,1.306124,0.744622,0.824485,0.887279
1.372907,1.943682,2.142122,1.561822,1.500345,1.117353,1.437511,1.210647,1.100457,1.471549,0.624094,1.340796,1.026769,0.846116,1.137954,1.329171,1.141043,1.184686,1.842553,1.508871,1.197782,1.543971,0.834352,1.262863,1.237696,0.847984,0.933027,0.903647
1.348279,1.951066,1.900848,1.516205,1.546173,1.134412,1.381393,1.280351,1.100199,1.454574,0.647604,1.343678,1.080084,0.765245,1.120692,1.312143,1.174911,1.227962,1.777988,1.578885,1.161127,1.457257,0.935833,1.525554,1.376154,0.880303,0.990446,1.07301
1.413372,1.974323,1.801375,1.719427,1.52017,1.183869,1.378195,1.420654,1.149843,1.396003,0.722044,1.348515,1.129654,0.81438,1.121832,1.246651,1.173652,1.287971,1.850898,1.575091,1.160403,1.413238,1.023734,1.48489,1.355902,0.7994,1.002978,1.114686
1.41139,1.951346,2.069283,1.783867,1.565179,1.157495,1.487913,1.262069,1.177872,1.388109,0.712695,1.374348,1.253033,0.87423,1.244588,1.375954,1.172905,1.311682,1.884254,1.677556,1.288412,1.376859,0.883388,1.390354,1.300275,0.858161,1.043339,1.180604
1.514037,2.112207,2.120004,1.725046,1.57792,1.165754,1.478525,1.261248,1.225964,1.440488,0.791726,1.356611,1.240719,0.980834,1.048824,1.333355,1.305137,1.265289,1.86629,1.74364,1.317,1.397589,0.900379,1.42678,1.3393,0.827438,1.073933,1.123168
1.685581,2.176171,2.129057,1.769304,1.55586,1.298472,1.429519,1.29307,1.282407,1.47877,0.823507,1.40732,1.156125,1.02754,1.100789,1.378039,1.26156,1.311396,1.880755,1.708726,1.377103,1.509773,1.041216,1.458566,1.393438,0.797453,1.10803,1.159047
1.543655,2.114847,2.197867,1.749878,1.620968,1.406708,1.582825,1.310379,1.343058,1.504965,0.80122,1.391653,1.148743,1.025719,1.083792,1.431619,1.293191,1.322621,1.864241,1.757477,1.367852,1.595583,1.04021,1.550078,1.238023,0.825713,1.131392,1.1101
1.595293,2.156247,2.265232,1.769137,1.662989,1.424659,1.592669,1.226508,1.278443,1.467622,0.783115,1.39173,1.158136,1.13439,1.1482,1.567885,1.326015,1.345494,1.976438,1.722439,1.474777,1.46339,1.059443,1.474241,1.468101,0.848176,1.18287,1.11837
1.724266,2.158073,2.132309,1.841354,1.642835,1.317088,1.610585,1.397435,1.249517,1.438848,0.91513,1.505601,1.090503,0.873815,1.296983,1.386889,1.25444,1.346293,1.98959,1.835526,1.49536,1.679128,1.185504,1.612366,1.492525,0.853525,1.091138,1.197558
1.882047,2.215313,2.185119,1.897796,1.674007,1.231491,1.497648,1.334887,1.313143,1.448191,1.008537,1.440117,1.247486,1.077944,1.099207,1.462135,1.230337,1.349806,1.990429,1.607443,1.360847,1.787111,1.098381,1.621252,1.460296,0.939883,1.265729,1.292794
1.798863,2.323145,1.889825,1.923613,1.666994,1.361252,1.444448,1.460367,1.348095,1.561956,0.83635,1.394844,0.939897,1.142706,1.213884,1.450479,1.215914,1.379499,1.930321,1.534376,1.342657,1.66342,1.169586,1.680804,1.464594,0.966324,1.285049,1.161674
1.754396,2.468234,2.007051,1.898449,1.7502,1.448522,1.530791,1.417213,1.352559,1.53183,0.792771,1.520549,1.191444,1.121354,1.234347,1.450321,1.130736,1.389302,1.958251,1.640079,1.541914,1.628229,1.225317,1.637133,1.502397,0.892768,1.188942,1.25299
1.758291,2.22954,2.136081,1.918467,1.782363,1.463254,1.444218,1.555423,1.370559,1.608176,1.00278,1.451426,1.292346,0.975856,1.349026,1.52393,1.219002,1.462292,1.96254,1.710381,1.492835,1.764729,1.199083,1.627892,1.588966,0.922451,1.325427,1.341044
1.720491,2.236241,2.277369,1.97344,1.692846,1.43578,1.430805,1.561175,1.356893,1.563986,0.950418,1.472501,1.123716,1.060438,1.431987,1.464843,1.276055,1.518175,2.02755,1.624124,1.506758,1.880536,1.157781,1.697305,1.459862,0.950879,1.378821,1.354652
1.782884,2.244575,2.334941,2.011669,1.671166,1.547982,1.514826,1.389493,1.41126,1.596356,0.909068,1.489766,1.304384,1.04442,1.045521,1.435692,1.29442,1.538937,2.078399,1.696047,1.543576,1.82066,1.214846,1.562677,1.404869,0.959818,1.34744,1.582884
1.769295,2.21358,2.425158,2.004155,1.744116,1.527577,1.594021,1.435395,1.486794,1.624062,0.94006,1.479624,1.362866,0.992532,1.145257,1.497882,1.21696,1.526683,2.230853,1.879634,1.517937,1.735531,1.308994,1.470556,1.46778,0.843941,1.343702,1.375108
1.790708,2.406388,2.247551,2.032366,1.813811,1.46072,1.610847,1.46127,1.473538,1.629987,0.984722,1.558519,1.11632,0.99927,1.325352,1.559679,1.250194,1.524025,2.18926,1.937836,1.631736,1.875235,1.256692,1.56979,1.445843,0.897954,1.286336,1.21643
1.842107,2.322556,2.183777,1.96695,1.778696,1.420981,1.653296,1.49361,1.449832,1.691398,0.98193,1.517289,1.232093,1.022493,1.457487,1.479913,1.214341,1.563995,2.108926,1.85698,1.628739,1.900716,1.30584,1.525562,1.413667,1.065127,1.309083,1.228262
1.847808,2.177383,2.45965,2.039718,1.744244,1.491412,1.568682,1.516454,1.456645,1.716346,1.069743,1.505728,1.507647,1.006795,1.125451,1.590141,1.174119,1.626046,2.119524,1.729989,1.667874,1.841005,1.288386,1.555223,1.669153,1.122653,1.231306,1.265421
1.915487,2.291499,2.490606,2.153965,1.741351,1.566961,1.490114,1.467652,1.45124,1.700401,1.03956,1.537288,1.279352,1.157195,1.090875,1.505402,1.196447,1.63974,2.172093,1.961614,1.581417,1.954677,1.239176,1.632239,1.633816,1.109773,1.160907,1.305007
2.01058,2.257681,2.408501,2.2342,1.776737,1.732688,1.52199,1.583124,1.512171,1.678172,1.112912,1.509828,1.259353,1.159896,1.190899,1.528031,1.312739,1.510078,2.195519,1.986375,1.63075,2.141061,1.310122,1.730853,1.514502,1.243617,1.181426,1.27318
1.945452,2.198763,2.58373,2.133217,1.792978,1.715302,1.536965,1.59643,1.562448,1.711298,1.015115,1.391191,1.235565,1.089226,1.15237,1.557956,1.36075,1.577689,2.224785,1.925597,1.708213,2.062435,1.41068,1.687068,1.727523,1.078904,1.172457,1.233386
1.901761,2.328804,2.31193,2.11914,1.85049,1.632354,1.580186,1.630407,1.58033,1.733926,1.070035,1.539415,1.331265,1.116386,1.249871,1.454511,1.427526,1.578077,2.270997,1.853518,1.75409,2.037733,1.467628,1.635179,1.580996,1.140188,1.422828,1.45057
1.821361,2.452381,2.200559,2.12923,1.755489,1.631276,1.694548,1.506271,1.618928,1.736894,1.084592,1.471022,1.449208,1.041145,1.427215,1.508176,1.47624,1.622966,2.260043,2.001038,1.669189,2.117887,1.512985,1.545848,1.762761,1.198121,1.456521,1.539031
1.739727,2.374633,2.343602,2.161471,1.760332,1.532677,1.700516,1.609421,1.616819,1.716989,1.180506,1.429313,1.286642,1.070807,1.158901,1.546942,1.407538,1.699443,2.179727,2.139468,1.684958,1.98165,1.409132,1.714333,1.765669,1.077245,1.405356,1.614746
1.67344,2.439694,2.390397,2.177077,1.771382,1.603423,1.578468,1.728453,1.607692,1.750783,0.942263,1.564024,1.515036,1.070417,0.98567,1.636005,1.344737,1.704086,2.117911,2.051007,1.929438,1.999611,1.267828,1.812429,1.598461,1.150543,1.324004,1.453774
1.746652,2.356686,2.446611,2.118194,1.819831,1.622745,1.702516,1.579759,1.669026,1.713828,0.986471,1.533162,1.274598,1.022195,1.134394,1.635483,1.345723,1.679958,2.284432,2.073132,1.889033,2.067013,1.329103,1.829871,1.659142,1.164761,1.408266,1.438733
1.822912,2.32625,2.600372,2.10739,1.833568,1.729266,1.732723,1.683732,1.67614,1.746407,1.125369,1.430306,1.61463,1.078211,1.159482,1.596731,1.340589,1.730289,2.287646,2.055418,1.966197,1.890295,1.411595,1.684412,1.623969,1.116501,1.331341,1.444399
1.797976,2.311152,2.414361,2.20327,1.879684,1.765625,1.613386,1.823698,1.687972,1.786409,1.094219,1.529717,1.674078,1.150654,1.226186,1.610618,1.345585,1.738744,2.260509,2.099781,1.920885,1.908703,1.404678,1.732937,1.720049,1.071254,1.402083,1.507089
1.874932,2.202609,2.130243,2.166777,1.899745,1.814766,1.589334,1.681302,1.713889,1.760765,1.012671,1.542391,1.564439,1.192961,1.406922,1.529817,1.276151,1.786307,2.23644,2.091782,1.957343,2.108513,1.527689,1.796522,1.622389,1.037079,1.384618,1.519203
1.810183,2.410864,2.127379,2.201863,1.837339,1.748257,1.716817,1.686383,1.690269,1.784019,1.193708,1.459881,1.581442,1.065732,1.38665,1.581565,1.289603,1.849471,2.272374,2.146068,1.927284,2.165636,1.505829,1.719119,1.583719,1.152695,1.314198,1.552237
1.838196,2.336392,2.273916,2.29806,1.823964,1.650691,1.632788,1.725776,1.731049,1.745378,1.219478,1.539512,1.468285,0.962002,1.2034,1.653907,1.359937,1.919767,2.275122,2.288687,1.847256,2.250948,1.28964,1.711369,1.586381,1.137297,1.330323,1.593036
1.909487,2.240305,2.519148,2.348432,1.912061,1.743355,1.538401,1.729585,1.716204,1.792261,1.117973,1.452098,1.520722,1.177982,1.137199,1.550078,1.293414,1.872975,2.251645,2.044941,1.820218,2.114593,1.259307,1.696353,1.640786,1.192712,1.26333,1.547083
1.879936,2.325064,2.377709,2.221078,1.886286,1.860882,1.644226,1.705206,1.713373,1.795296,1.090987,1.367171,1.626701,1.024526,1.117224,1.616911,1.296658,1.851882,2.237845,1.946852,1.951469,2.064814,1.38043,1.731783,1.535548,1.147754,1.353702,1.392628
1.757926,2.368523,2.07684,2.148389,1.842586,1.85794,1.620937,1.730487,1.717226,1.878941,1.011974,1.481684,1.734148,0.978456,1.335176,1.668446,1.218489,1.777895,2.316722,1.936175,2.041392,2.217176,1.611429,1.779531,1.594581,1.287167,1.47864,1.38814
1.673019,2.478634,2.333404,2.230486,1.81804,1.723408,1.566729,1.766291,1.729152,1.919059,1.040533,1.454843,1.651516,1.000934,1.336752,1.604528,1.316723,1.821591,2.280187,1.96361,2.020572,2.307241,1.387027,1.810827,1.632678,1.298491,1.429144,1.347863
1.80706,2.488475,2.383143,2.220589,1.824538,1.837313,1.603095,1.691799,1.676974,1.817926,1.238313,1.304434,1.619846,0.929786,1.341898,1.58362,1.299599,1.811883,2.337952,1.985943,1.950385,2.243201,1.329015,1.725452,1.517835,1.191853,1.273481,1.311477
1.878664,2.295721,2.37255,2.203376,1.844191,1.927558,1.701413,1.730618,1.683692,1.798218,1.186977,1.427505,1.678131,0.916512,1.250346,1.650261,1.349117,1.842141,2.280435,2.107714,1.951203,2.259748,1.362725,1.666644,1.573893,1.015184,1.307418,1.384476
1.751002,2.395146,2.366475,2.275552,1.831751,1.76543,1.809381,1.927847,1.747365,1.862567,1.076684,1.417907,1.813975,0.957684,1.376082,1.5219,1.272483,1.881163,2.273303,2.230985,1.973675,2.082271,1.550313,1.739069,1.514797,1.239987,1.367947,1.606811
1.855518,2.340459,2.19981,2.194098,1.843249,1.69618,1.696583,1.754221,1.742119,1.849258,1.08866,1.379217,1.737008,0.953749,1.270282,1.510979,1.317128,1.900441,2.292482,2.102462,1.989072,2.013474,1.518478,1.685024,1.592598,1.295537,1.41996,1.493237
1.90033,2.281935,2.349301,2.188009,1.85846,1.80818,1.63356,1.833736,1.722641,1.735973,1.137815,1.384475,1.659912,1.090739,1.125793,1.631515,1.241062,1.765775,2.293285,1.910524,2.037831,2.146516,1.376768,1.628947,1.710856,1.184049,1.52346,1.36403
1.9273,2.398735,2.577514,2.302406,1.823919,1.926009,1.749358,1.817027,1.75484,1.830786,1.057196,1.251707,1.750356,0.941302,1.223196,1.677783,1.274157,1.876428,2.331246,2.029542,2.091446,2.160781,1.385747,1.637989,1.593827,1.182508,1.44241,1.348608
2.083463,2.241803,2.093904,2.279353,1.819589,1.938726,1.655784,1.721783,1.785077,1.934394,1.186268,1.382334,1.936895,0.824882,1.151144,1.659997,1.320932,1.839744,2.338233,2.217612,1.991386,2.27491,1.540897,1.664731,1.622778,1.090818,1.442414,1.447327
2.009951,2.219779,2.246235,2.235424,1.817525,1.942165,1.404015,1.839642,1.729398,1.922122,1.170567,1.366374,1.735852,0.859215,1.110208,1.664398,1.32896,1.942032,2.364097,1.994377,1.865158,2.258384,1.729279,1.731377,1.787778,1.270357,1.272509,1.578665
1.968824,2.263387,2.271926,2.301131,1.824928,1.936989,1.680162,1.736503,1.704433,1.823023,1.008653,1.354061,1.826446,0.905744,1.285621,1.639528,1.261651,1.897092,2.388293,1.998579,1.999736,2.213178,1.619496,1.738848,1.751346,1.200349,1.289769,1.593113
2.101074,2.236008,2.503291,2.310049,1.847042,1.829888,1.813364,1.763734,1.72392,1.789406,1.040884,1.35546,1.843158,0.942289,1.078684,1.639618,1.266368,1.87139,2.288279,2.129718,2.11783,2.159699,1.351626,1.70754,1.351973,1.172794,1.426106,1.417237
1.996956,2.226585,2.51772,2.279104,1.827522,1.796843,1.620101,1.809405,1.743777,1.771673,1.152901,1.109251,1.557221,0.731849,1.210285,1.526835,1.230164,1.768253,2.250997,2.280992,2.022134,2.223351,1.287323,1.638416,1.586759,1.015091,1.314917,1.483851
1.987849,2.162104,2.255813,2.372648,1.816899,1.83948,1.690335,1.890451,1.740646,1.91569,1.198407,1.228139,1.671337,0.750853,1.305456,1.67737,1.273345,1.765187,2.295982,2.275818,1.899862,2.186883,1.487006,1.626364,1.683408,1.12002,1.341373,1.404458
2.006032,2.281139,2.246056,2.322052,1.783059,1.927109,1.613999,1.913371,1.733338,1.938189,1.101385,1.276254,1.738605,0.804201,1.173587,1.693264,1.266321,1.789667,2.320386,2.016015,1.848617,2.106546,1.597777,1.723749,1.592696,1.195795,1.255608,1.314234
1.933207,2.243679,2.526348,2.282351,1.810026,1.983556,1.559419,1.873726,1.708529,1.920456,1.130349,1.270039,1.861995,0.763586,1.241104,1.622664,1.242555,1.857131,2.32144,2.119073,1.897722,1.964492,1.54471,1.864392,1.461229,1.191505,1.379222,1.523612
1.96484,2.162227,2.345956,2.218171,1.84729,1.987138,1.455105,1.789875,1.768855,1.812735,1.062371,1.237361,1.911051,0.774135,1.246907,1.614505,1.197739,1.809853,2.267511,2.106123,2.044069,2.029043,1.335983,1.684046,1.604326,1.11884,1.496799,1.550378
1.808319,2.236202,2.331384,2.206218,1.803804,1.941352,1.588949,1.727606,1.80301,1.852704,1.147253,1.287209,1.692245,0.772392,1.444986,1.571533,1.188459,1.881862,2.268963,2.156715,2.20582,2.065416,1.393451,1.548789,1.710251,1.314976,1.552006,1.32102
1.830007,2.194432,2.370081,2.285714,1.769293,1.866224,1.631935,1.754747,1.765498,1.885394,1.134342,1.102013,1.723299,0.803745,1.65136,1.613169,1.26604,1.811157,2.337081,2.102052,2.056354,2.108493,1.557937,1.567231,1.770176,1.348031,1.506367,1.325669
1.812315,2.214113,2.406652,2.334555,1.815137,1.942004,1.568562,1.849933,1.71337,1.957761,1.092902,1.08223,1.841628,0.672702,1.606151,1.656949,1.23393,1.832352,2.331243,2.234738,2.077177,2.107782,1.526446,1.614838,1.515213,1.272842,1.416726,1.242983
1.884613,2.218952,2.14571,2.344418,1.823054,1.89562,1.407756,1.800289,1.775222,1.934467,1.058436,1.199056,1.832946,0.814148,1.216979,1.602087,1.208082,1.764918,2.305092,2.233149,1.915555,2.114395,1.428375,1.569772,1.506292,1.300586,1.435464,1.211759
1.777084,2.242739,2.223711,2.321316,1.849149,1.900663,1.503866,1.858418,1.800292,1.766374,1.078718,1.134489,1.859948,0.781908,1.323588,1.666552,1.208954,1.814668,2.313938,2.067573,1.869021,2.268476,1.545301,1.649169,1.48389,1.393188,1.385835,1.194095
1.824029,2.088791,2.299633,2.306886,1.840556,1.995291,1.67439,1.876011,1.825529,1.762813,1.133264,0.953972,1.939433,0.635967,1.311444,1.67092,1.266906,1.861278,2.195464,1.960227,2.068167,2.3141,1.616557,1.707595,1.440738,1.406611,1.371317,1.180384
1.814908,2.039719,2.53485,2.33136,1.759952,1.989126,1.694581,1.883817,1.811966,1.886279,1.116008,1.121838,1.726834,0.803364,1.249783,1.609487,1.211967,1.778535,2.368495,2.072666,2.0755,2.268746,1.617134,1.632824,1.501816,1.325204,1.324667,1.303711
1.802206,2.206034,2.488657,2.331372,1.739084,1.81879,1.762156,1.860595,1.765363,1.829671,1.145479,1.075927,1.954878,0.851371,1.381553,1.514583,1.157997,1.792424,2.385708,2.033512,2.085274,2.203089,1.514548,1.628715,1.619575,1.280612,1.479251,1.529165
1.778492,2.232934,2.171823,2.212758,1.743297,1.821721,1.452785,1.835244,1.823787,1.792006,1.062153,1.028157,1.862676,0.713011,1.373355,1.561286,1.200144,1.781246,2.29351,2.120346,2.150554,2.233743,1.327234,1.600265,1.613484,1.23265,1.446466,1.620895
1.864089,2.291771,2.197762,2.143711,1.809785,1.924401,1.428034,1.964767,1.861771,1.776114,1.126408,1.01539,1.839191,0.686957,1.214021,1.516402,1.06517,1.801077,2.369042,1.981874,2.044434,2.250274,1.330603,1.707255,1.712959,1.257347,1.37994,1.548127
1.795933,2.153364,2.151268,2.242623,1.791307,2.054355,1.562822,1.915828,1.876343,1.827291,1.055794,1.007968,1.955161,0.736726,1.201555,1.464111,1.135876,1.837314,2.439498,1.84458,1.994225,2.154861,1.383355,1.837904,1.703497,1.361127,1.315098,1.497069
1.905525,2.079309,2.116396,2.316734,1.773704,1.986242,1.660066,1.784437,1.877871,1.791985,0.954302,1.097996,1.758586,0.691945,1.142919,1.654668,1.117873,1.798451,2.371622,1.968468,2.122228,2.23783,1.426621,1.71015,1.559801,1.229826,1.368966,1.479226
1.830519,2.151506,2.313504,2.295404,1.782577,1.900467,1.575101,1.709138,1.897561,1.908478,0.887533,1.141538,1.711342,0.763283,1.058569,1.522546,1.116558,1.758162,2.284082,1.960757,2.071321,2.388729,1.476797,1.512258,1.482265,1.397889,1.393124,1.472733
1.817635,2.194749,2.114581,2.352109,1.86465,1.869782,1.700084,1.846695,1.908177,1.897803,0.882812,1.001163,1.726819,0.901982,1.247773,1.570602,1.088245,1.794181,2.349971,1.873608,2.020433,2.250654,1.589758,1.509484,1.584977,1.371569,1.619464,1.282242
1.749119,2.274994,2.38536,2.30637,1.794599,1.91554,1.571109,1.659911,1.844847,1.799558,0.949959,1.099546,1.782862,0.704669,1.280948,1.628182,1.144827,1.816047,2.371561,1.853715,1.996386,2.2518,1.593715,1.525774,1.34319,1.286829,1.584758,1.269525
1.823633,2.184158,2.21294,2.240314,1.763953,1.946795,1.401209,1.721311,1.796863,1.737452,1.027861,1.116113,1.75492,0.85183,1.159352,1.584315,1.156937,1.7447,2.34259,1.963908,2.05897,2.285574,1.321404,1.495565,1.470557,1.379185,1.415705,1.467882
1.638481,2.06453,2.195522,2.285276,1.72838,1.979413,1.595404,1.735837,1.773524,1.736338,1.022282,1.071775,2.007214,0.863734,1.193692,1.577117,1.131712,1.755281,2.317227,1.824953,1.99176,2.270578,1.308028,1.608491,1.580681,1.414082,1.417778,1.569751
1.736269,2.168713,2.20345,2.423259,1.768279,2.016631,1.634507,1.79107,1.85325,1.793121,0.963116,0.954664,1.739021,0.935586,1.242904,1.509053,1.114753,1.825516,2.356773,2.023127,1.919412,2.24135,1.360902,1.77171,1.578785,1.393173,1.482128,1.506012
1.673893,2.10595,2.506298,2.305491,1.848519,1.952396,1.480862,1.743497,1.914203,1.898879,0.960919,1.03406,1.787578,0.750821,1.302008,1.55731,1.140543,1.795987,2.332908,2.038804,2.033262,2.167565,1.549511,1.604636,1.602368,1.477873,1.42021,1.438076
1.757768,2.138259,2.235402,2.219825,1.848283,1.932829,1.630227,1.774561,1.93533,1.920909,0.849114,1.121606,1.900642,0.799047,1.216852,1.469437,1.157784,1.807444,2.285712,2.056782,2.184501,2.066521,1.635921,1.545959,1.680091,1.419039,1.385795,1.395687
1.846877,2.026996,2.149271,2.240303,1.777468,2.046553,1.579676,1.740733,1.891415,1.832823,0.919967,0.980333,1.92605,0.778491,1.482211,1.484111,1.133506,1.806185,2.244381,2.15069,2.105375,2.106233,1.429807,1.465538,1.594052,1.376821,1.433746,1.589779
1.794885,2.100216,2.31222,2.41774,1.82464,2.133765,1.409878,1.879182,1.929406,1.763985,0.925623,1.050106,2.062364,0.958431,1.317396,1.499576,1.219671,1.810134,2.279825,1.919205,2.093164,2.22018,1.257832,1.50105,1.45303,1.287109,1.248704,1.707814
1.821345,2.187546,2.206151,2.295911,1.85089,1.98666,1.493386,1.747732,1.864962,1.757623,0.940939,1.003073,1.923088,1.151845,1.103969,1.464248,1.17769,1.752594,2.30834,1.931665,2.217765,2.120543,1.35775,1.619453,1.496625,1.33303,1.383147,1.496639
1.885501,2.185999,2.30883,2.180111,1.836653,1.949089,1.55195,1.784336,1.804302,1.857827,0.978827,0.915211,2.106926,0.825995,1.19436,1.495855,1.161901,1.715153,2.332481,1.910191,2.221196,2.2523,1.482055,1.624234,1.507956,1.306367,1.503403,1.575379
1.908333,2.110707,2.430377,2.20425,1.823776,1.996354,1.549116,1.731249,1.8633,1.797233,0.958207,0.912604,2.06637,0.771552,1.348071,1.515207,1.086704,1.715645,2.312179,1.950822,2.185511,2.332854,1.552724,1.411482,1.644117,1.416154,1.275867,1.56314
1.835458,2.102531,2.376758,2.341678,1.826681,2.027052,1.406327,1.835793,1.95217,1.759425,0.907546,0.950415,2.00334,0.739754,1.337629,1.461219,1.040836,1.691326,2.358406,2.205677,2.137106,2.158512,1.509886,1.471954,1.73224,1.380058,1.310622,1.583891
1.892281,2.02883,2.270269,2.231581,1.840245,1.971642,1.45521,1.878019,1.965878,1.76415,0.890248,1.013168,1.90568,0.716398,1.320013,1.56286,1.115536,1.676288,2.308015,2.03638,2.171521,2.247757,1.427957,1.499941,1.534024,1.332824,1.423894,1.475759
2.029253,2.174079,2.32413,2.153643,1.805578,1.983255,1.47228,1.890634,1.915572,1.771178,0.879277,1.065227,1.934921,0.671064,1.355217,1.585633,1.071632,1.659731,2.23067,2.074015,2.264737,2.20327,1.333694,1.557485,1.530511,1.229332,1.389914,1.450588
2.03638,2.088704,2.631937,2.268796,1.836674,1.95644,1.403517,1.739116,1.927745,1.804822,0.922667,0.946932,2.050636,0.652071,1.327924,1.511384,1.073645,1.667979,2.320931,2.085118,2.208612,2.227631,1.368048,1.702126,1.490951,1.358243,1.333821,1.424435
2.058905,2.068997,2.500031,2.222537,1.775736,2.017251,1.555382,1.776516,1.923659,1.708935,0.746062,0.901547,2.038562,0.713011,1.099735,1.48485,1.157214,1.66438,2.24997,2.015332,2.156295,2.186699,1.51831,1.754802,1.497721,1.403117,1.267397,1.480452
1.99002,2.031612,2.370124,2.287514,1.737449,1.996387,1.753239,1.721483,1.946196,1.792117,0.800611,0.983683,2.045656,0.868806,1.287868,1.49336,1.080729,1.639292,2.234331,1.903559,2.301053,2.159925,1.62072,1.487539,1.567881,1.264015,1.407302,1.506815
2.007109,2.097207,2.529367,2.257978,1.809469,1.953993,999999,1.785867,1.990699,1.662985,0.988197,0.946914,2.043628,0.700866,1.421545,1.432975,1.031944,1.597162,2.225542,1.986855,2.075742,2.221628,1.424336,1.486746,1.455751,1.266773,1.36313,1.567721
